y,left_boundary,right_boundary,width,center
0,-1,-1,0,-1.0
1,-1,-1,0,-1.0
2,-1,-1,0,-1.0
3,-1,-1,0,-1.0
4,-1,-1,0,-1.0
5,-1,-1,0,-1.0
6,-1,-1,0,-1.0
7,-1,-1,0,-1.0
8,-1,-1,0,-1.0
9,-1,-1,0,-1.0
10,-1,-1,0,-1.0
11,-1,-1,0,-1.0
12,-1,-1,0,-1.0
13,-1,-1,0,-1.0
14,-1,-1,0,-1.0
15,-1,-1,0,-1.0
16,-1,-1,0,-1.0
17,-1,-1,0,-1.0
18,-1,-1,0,-1.0
19,-1,-1,0,-1.0
20,-1,-1,0,-1.0
21,-1,-1,0,-1.0
22,-1,-1,0,-1.0
23,-1,-1,0,-1.0
24,-1,-1,0,-1.0
25,-1,-1,0,-1.0
26,-1,-1,0,-1.0
27,-1,-1,0,-1.0
28,-1,-1,0,-1.0
29,-1,-1,0,-1.0
30,-1,-1,0,-1.0
31,-1,-1,0,-1.0
32,-1,-1,0,-1.0
33,-1,-1,0,-1.0
34,-1,-1,0,-1.0
35,-1,-1,0,-1.0
36,-1,-1,0,-1.0
37,-1,-1,0,-1.0
38,-1,-1,0,-1.0
39,-1,-1,0,-1.0
40,-1,-1,0,-1.0
41,-1,-1,0,-1.0
42,-1,-1,0,-1.0
43,-1,-1,0,-1.0
44,-1,-1,0,-1.0
45,-1,-1,0,-1.0
46,-1,-1,0,-1.0
47,-1,-1,0,-1.0
48,-1,-1,0,-1.0
49,-1,-1,0,-1.0
50,-1,-1,0,-1.0
51,-1,-1,0,-1.0
52,-1,-1,0,-1.0
53,-1,-1,0,-1.0
54,-1,-1,0,-1.0
55,-1,-1,0,-1.0
56,-1,-1,0,-1.0
57,-1,-1,0,-1.0
58,-1,-1,0,-1.0
59,-1,-1,0,-1.0
60,-1,-1,0,-1.0
61,-1,-1,0,-1.0
62,-1,-1,0,-1.0
63,-1,-1,0,-1.0
64,-1,-1,0,-1.0
65,-1,-1,0,-1.0
66,-1,-1,0,-1.0
67,-1,-1,0,-1.0
68,-1,-1,0,-1.0
69,-1,-1,0,-1.0
70,-1,-1,0,-1.0
71,-1,-1,0,-1.0
72,-1,-1,0,-1.0
73,-1,-1,0,-1.0
74,-1,-1,0,-1.0
75,-1,-1,0,-1.0
76,-1,-1,0,-1.0
77,-1,-1,0,-1.0
78,-1,-1,0,-1.0
79,-1,-1,0,-1.0
80,229,284,56,256.5
81,225,288,64,256.5
82,221,292,72,256.5
83,217,296,80,256.5
84,213,300,88,256.5
85,209,304,96,256.5
86,205,308,104,256.5
87,204,310,107,257.0
88,204,310,107,257.0
89,204,310,107,257.0
90,204,310,107,257.0
91,204,310,107,257.0
92,204,310,107,257.0
93,204,310,107,257.0
94,204,310,107,257.0
95,204,310,107,257.0
96,204,310,107,257.0
97,204,310,107,257.0
98,204,310,107,257.0
99,204,310,107,257.0
100,204,310,107,257.0
101,204,310,107,257.0
102,204,310,107,257.0
103,204,310,107,257.0
104,204,310,107,257.0
105,204,310,107,257.0
106,204,310,107,257.0
107,204,310,107,257.0
108,204,310,107,257.0
109,204,310,107,257.0
110,204,310,107,257.0
111,204,310,107,257.0
112,204,310,107,257.0
113,204,310,107,257.0
114,204,310,107,257.0
115,204,310,107,257.0
116,204,310,107,257.0
117,204,310,107,257.0
118,204,310,107,257.0
119,204,310,107,257.0
120,204,310,107,257.0
121,204,310,107,257.0
122,204,310,107,257.0
123,204,310,107,257.0
124,204,310,107,257.0
125,204,310,107,257.0
126,204,310,107,257.0
127,204,310,107,257.0
128,204,310,107,257.0
129,204,310,107,257.0
130,204,310,107,257.0
131,204,310,107,257.0
132,204,310,107,257.0
133,204,310,107,257.0
134,204,310,107,257.0
135,204,310,107,257.0
136,204,310,107,257.0
137,204,310,107,257.0
138,204,310,107,257.0
139,204,310,107,257.0
140,204,310,107,257.0
141,204,310,107,257.0
142,204,310,107,257.0
143,204,310,107,257.0
144,204,309,106,256.5
145,204,309,106,256.5
146,204,309,106,256.5
147,204,308,105,256.0
148,204,308,105,256.0
149,204,308,105,256.0
150,204,308,105,256.0
151,204,308,105,256.0
152,204,308,105,256.0
153,204,308,105,256.0
154,205,307,103,256.0
155,205,307,103,256.0
156,205,307,103,256.0
157,205,307,103,256.0
158,205,307,103,256.0
159,205,307,103,256.0
160,205,307,103,256.0
161,206,306,101,256.0
162,206,306,101,256.0
163,206,306,101,256.0
164,206,306,101,256.0
165,206,306,101,256.0
166,206,306,101,256.0
167,207,305,99,256.0
168,207,305,99,256.0
169,207,305,99,256.0
170,207,305,99,256.0
171,207,305,99,256.0
172,207,305,99,256.0
173,207,305,99,256.0
174,207,304,98,255.5
175,207,304,98,255.5
176,206,304,99,255.0
177,206,304,99,255.0
178,205,304,100,254.5
179,205,304,100,254.5
180,205,303,99,254.0
181,205,303,99,254.0
182,207,303,97,255.0
183,208,303,96,255.5
184,208,303,96,255.5
185,209,303,95,256.0
186,209,303,95,256.0
187,209,302,94,255.5
188,209,302,94,255.5
189,209,302,94,255.5
190,209,302,94,255.5
191,209,302,94,255.5
192,209,302,94,255.5
193,209,302,94,255.5
194,209,302,94,255.5
195,209,302,94,255.5
196,209,302,94,255.5
197,210,302,93,256.0
198,210,302,93,256.0
199,210,302,93,256.0
200,210,303,94,256.5
201,210,303,94,256.5
202,210,303,94,256.5
203,210,303,94,256.5
204,210,303,94,256.5
205,210,303,94,256.5
206,210,304,95,257.0
207,210,304,95,257.0
208,211,305,95,258.0
209,211,305,95,258.0
210,211,305,95,258.0
211,211,306,96,258.5
212,211,306,96,258.5
213,210,306,97,258.0
214,210,307,98,258.5
215,209,307,99,258.0
216,209,307,99,258.0
217,209,308,100,258.5
218,208,308,101,258.0
219,208,309,102,258.5
220,207,309,103,258.0
221,207,309,103,258.0
222,207,310,104,258.5
223,207,310,104,258.5
224,206,310,105,258.0
225,206,310,105,258.0
226,206,310,105,258.0
227,205,310,106,257.5
228,205,310,106,257.5
229,205,310,106,257.5
230,204,310,107,257.0
231,204,310,107,257.0
232,204,310,107,257.0
233,204,310,107,257.0
234,204,310,107,257.0
235,204,310,107,257.0
236,204,310,107,257.0
237,204,310,107,257.0
238,204,310,107,257.0
239,204,310,107,257.0
240,204,310,107,257.0
241,204,310,107,257.0
242,204,310,107,257.0
243,204,310,107,257.0
244,204,310,107,257.0
245,204,310,107,257.0
246,204,310,107,257.0
247,204,310,107,257.0
248,204,310,107,257.0
249,204,310,107,257.0
250,204,310,107,257.0
251,204,310,107,257.0
252,204,310,107,257.0
253,204,310,107,257.0
254,204,310,107,257.0
255,204,310,107,257.0
256,204,310,107,257.0
257,199,313,115,256.0
258,199,313,115,256.0
259,199,313,115,256.0
260,199,313,115,256.0
261,199,313,115,256.0
262,198,313,116,255.5
263,198,314,117,256.0
264,198,314,117,256.0
265,198,314,117,256.0
266,197,314,118,255.5
267,197,315,119,256.0
268,197,315,119,256.0
269,197,315,119,256.0
270,197,315,119,256.0
271,197,316,120,256.5
272,197,316,120,256.5
273,197,316,120,256.5
274,197,316,120,256.5
275,197,317,121,257.0
276,197,317,121,257.0
277,197,317,121,257.0
278,197,317,121,257.0
279,197,318,122,257.5
280,197,318,122,257.5
281,197,318,122,257.5
282,197,318,122,257.5
283,196,319,124,257.5
284,196,319,124,257.5
285,195,319,125,257.0
286,194,319,126,256.5
287,192,319,128,255.5
288,192,319,128,255.5
289,192,320,129,256.0
290,191,320,130,255.5
291,191,321,131,256.0
292,191,321,131,256.0
293,191,321,131,256.0
294,191,321,131,256.0
295,191,322,132,256.5
296,191,322,132,256.5
297,191,322,132,256.5
298,191,322,132,256.5
299,191,323,133,257.0
300,192,323,132,257.5
301,192,323,132,257.5
302,192,322,131,257.0
303,194,321,128,257.5
304,195,321,127,258.0
305,196,320,125,258.0
306,196,320,125,258.0
307,197,319,123,258.0
308,197,319,123,258.0
309,197,318,122,257.5
310,197,317,121,257.0
311,198,317,120,257.5
312,198,316,119,257.0
313,198,316,119,257.0
314,198,316,119,257.0
315,197,317,121,257.0
316,197,317,121,257.0
317,196,318,123,257.0
318,193,321,129,257.0
319,191,323,133,257.0
320,189,323,135,256.0
321,189,323,135,256.0
322,189,323,135,256.0
323,189,323,135,256.0
324,189,323,135,256.0
325,189,322,134,255.5
326,190,322,133,256.0
327,191,322,132,256.5
328,192,322,131,257.0
329,192,321,130,256.5
330,193,320,128,256.5
331,193,320,128,256.5
332,194,318,125,256.0
333,195,317,123,256.0
334,195,317,123,256.0
335,196,316,121,256.0
336,196,316,121,256.0
337,196,316,121,256.0
338,196,316,121,256.0
339,197,316,120,256.5
340,198,315,118,256.5
341,199,315,117,257.0
342,199,315,117,257.0
343,200,315,116,257.5
344,201,315,115,258.0
345,202,315,114,258.5
346,202,314,113,258.0
347,203,314,112,258.5
348,203,314,112,258.5
349,204,313,110,258.5
350,205,313,109,259.0
351,205,313,109,259.0
352,207,313,107,260.0
353,208,313,106,260.5
354,209,312,104,260.5
355,210,311,102,260.5
356,210,309,100,259.5
357,211,308,98,259.5
358,211,307,97,259.0
359,211,307,97,259.0
360,211,306,96,258.5
361,212,306,95,259.0
362,212,306,95,259.0
363,212,305,94,258.5
364,212,305,94,258.5
365,212,305,94,258.5
366,212,305,94,258.5
367,212,305,94,258.5
368,212,304,93,258.0
369,212,304,93,258.0
370,212,304,93,258.0
371,212,304,93,258.0
372,212,303,92,257.5
373,212,303,92,257.5
374,212,303,92,257.5
375,212,303,92,257.5
376,212,303,92,257.5
377,212,303,92,257.5
378,212,302,91,257.0
379,212,302,91,257.0
380,212,302,91,257.0
381,212,302,91,257.0
382,212,301,90,256.5
383,212,301,90,256.5
384,212,301,90,256.5
385,212,301,90,256.5
386,212,301,90,256.5
387,212,301,90,256.5
388,212,301,90,256.5
389,212,301,90,256.5
390,212,301,90,256.5
391,212,300,89,256.0
392,212,300,89,256.0
393,212,300,89,256.0
394,212,300,89,256.0
395,212,300,89,256.0
396,212,300,89,256.0
397,212,300,89,256.0
398,212,299,88,255.5
399,212,299,88,255.5
400,212,299,88,255.5
401,212,299,88,255.5
402,212,299,88,255.5
403,212,299,88,255.5
404,212,299,88,255.5
405,213,299,87,256.0
406,213,299,87,256.0
407,213,299,87,256.0
408,213,299,87,256.0
409,213,299,87,256.0
410,213,299,87,256.0
411,213,299,87,256.0
412,213,298,86,255.5
413,213,298,86,255.5
414,213,298,86,255.5
415,213,298,86,255.5
416,213,298,86,255.5
417,213,298,86,255.5
418,213,298,86,255.5
419,213,298,86,255.5
420,213,298,86,255.5
421,213,298,86,255.5
422,214,298,85,256.0
423,214,298,85,256.0
424,214,298,85,256.0
425,214,298,85,256.0
426,214,298,85,256.0
427,214,298,85,256.0
428,214,298,85,256.0
429,214,298,85,256.0
430,215,296,82,255.5
431,217,294,78,255.5
432,220,287,68,253.5
433,225,281,57,253.0
434,242,262,21,252.0
435,-1,-1,0,-1.0
436,-1,-1,0,-1.0
437,-1,-1,0,-1.0
438,-1,-1,0,-1.0
439,-1,-1,0,-1.0
440,-1,-1,0,-1.0
441,-1,-1,0,-1.0
442,-1,-1,0,-1.0
443,-1,-1,0,-1.0
444,-1,-1,0,-1.0
445,-1,-1,0,-1.0
446,-1,-1,0,-1.0
447,-1,-1,0,-1.0
448,-1,-1,0,-1.0
449,-1,-1,0,-1.0
450,-1,-1,0,-1.0
451,-1,-1,0,-1.0
452,-1,-1,0,-1.0
453,-1,-1,0,-1.0
454,-1,-1,0,-1.0
455,-1,-1,0,-1.0
456,-1,-1,0,-1.0
457,-1,-1,0,-1.0
458,-1,-1,0,-1.0
459,-1,-1,0,-1.0
460,-1,-1,0,-1.0
461,-1,-1,0,-1.0
462,-1,-1,0,-1.0
463,-1,-1,0,-1.0
464,-1,-1,0,-1.0
465,-1,-1,0,-1.0
466,-1,-1,0,-1.0
467,-1,-1,0,-1.0
468,-1,-1,0,-1.0
469,-1,-1,0,-1.0
470,-1,-1,0,-1.0
471,-1,-1,0,-1.0
472,-1,-1,0,-1.0
473,-1,-1,0,-1.0
474,-1,-1,0,-1.0
475,-1,-1,0,-1.0
476,-1,-1,0,-1.0
477,-1,-1,0,-1.0
478,-1,-1,0,-1.0
479,-1,-1,0,-1.0
480,-1,-1,0,-1.0
481,-1,-1,0,-1.0
482,-1,-1,0,-1.0
483,-1,-1,0,-1.0
484,-1,-1,0,-1.0
485,-1,-1,0,-1.0
486,-1,-1,0,-1.0
487,-1,-1,0,-1.0
488,-1,-1,0,-1.0
489,-1,-1,0,-1.0
490,-1,-1,0,-1.0
491,-1,-1,0,-1.0
492,-1,-1,0,-1.0
493,-1,-1,0,-1.0
494,-1,-1,0,-1.0
495,-1,-1,0,-1.0
496,-1,-1,0,-1.0
497,-1,-1,0,-1.0
498,-1,-1,0,-1.0
499,-1,-1,0,-1.0
500,-1,-1,0,-1.0
501,-1,-1,0,-1.0
502,-1,-1,0,-1.0
503,-1,-1,0,-1.0
504,-1,-1,0,-1.0
505,-1,-1,0,-1.0
506,-1,-1,0,-1.0
507,-1,-1,0,-1.0
508,-1,-1,0,-1.0
509,-1,-1,0,-1.0
510,-1,-1,0,-1.0
511,-1,-1,0,-1.0
